Zavorotna,1,20,"2024.12.10, 02:09:28"
Zavorotna,5,100,"2024.12.10, 02:10:31"
Олег,5,100,"2024.12.11, 12:51:37"
Олег,5,100,"2024.12.11, 12:51:53"
Олег,5,100,"2024.12.11, 12:52:08"
Олег,1,20,"2024.12.11, 12:54:08"
Олег,1,20,"2024.12.11, 12:56:14"
Олег,1,20,"2024.12.11, 12:56:27"
Олег,1,20,"2024.12.11, 12:56:49"
Олег,1,20,"2024.12.11, 12:57:28"
Олег,1,20,"2024.12.11, 12:57:57"
Олег,1,20,"2024.12.11, 12:58:18"
Олег,1,20,"2024.12.11, 01:00:23"
Олег,1,20,"2024.12.11, 01:00:46"
Олег,2,40,"2024.12.11, 01:02:51"
Олег,1,20,"2024.12.11, 01:03:14"
Олег,5,100,"2024.12.11, 01:03:32"
Zavorotna,2,40,"2024.12.11, 01:04:51"
Аліна1,1,20,"2024.12.11, 07:36:15"
